protein_A ,uniprot_ID,aa_ref,aa_pos,aa_alt,pathogenicity
p53,P04637,S,15,A,pathogenic
p53,P04637,P,359,D,pathogenic
p53,P04637,G,361,E,pathogenic
p53,P04637,S,362,A,pathogenic
p53,P04637,R,181,E,pathogenic
p53,P04637,G,245,S,pathogenic
BRCA1,P38398,S,1655,A,pathogenic
BRCA1,P38398,K,1702,M,pathogenic
BRCA1,P38398,G,1738,E,pathogenic
BRCA1,P38398,I,26,A,pathogenic
BRCA1,P38398,F,1662,S,pathogenic
BRCA1,P38398,M,1663,K,pathogenic
BRCA1,P38398,Y,1666,A,pathogenic
Ras,P01112,D,38,A,pathogenic
Ras,P01112,T,35,A,pathogenic
Ras,P01112,T,35,S,pathogenic
Ras,P01112,D,38,E,pathogenic
Ras,P01112,D,38,A,pathogenic
Ras,P01112,Y,40,C,pathogenic
Ras,P01112,T,35,A,pathogenic
Ras,P01112,Y,40,F,pathogenic
Ras,P01112,Y,40,A,pathogenic
Raf,P04049,K,84,A,pathogenic
Raf,P04049,K,84,E,pathogenic
Raf,P04049,T,68,A,pathogenic
Raf,P04049,R,59,A,pathogenic
Raf,P04049,R,59,A,pathogenic
Raf,P04049,Q,66,A,pathogenic
Raf,P04049,R,89,L,pathogenic
Raf,P04049,R,67,A,pathogenic
Raf,P04049,K,84,A,pathogenic
BRCA2,P51587,W,2725,A,pathogenic
Beta-Catenin,P35222,F,253,A,pathogenic
Beta-Catenin,P35222,K,292,A,pathogenic
Beta-Catenin,P35222,K,312,E,pathogenic
Beta-Catenin,P35222,K,345,A,pathogenic
Beta-Catenin,P35222,N,426,A,pathogenic
Beta-Catenin,P35222,K,435,A,pathogenic
Beta-Catenin,P35222,K,435,E,pathogenic
Beta-Catenin,P35222,R,469,A,pathogenic
Beta-Catenin,P35222,H,470,A,pathogenic
Beta-Catenin,P35222,K,508,A,pathogenic
RB,P06400,K,860,R,pathogenic
EGFR,P00533,Y,1069,F,pathogenic